pid,name,pos,USG,FT_PCT,REB,OREB,DREB,Less Than 5 ft.,5-9 ft.,10-14 ft.,15-19 ft.,20-24 ft.,25-29 ft.,30-34 ft.,35-39 ft.,40+ ft.
203932,Aaron Gordon,F,0.212,0.731,0.106,0.047,0.165,0.609,0.347,0.384,0.296,0.404,0.327,0,0,0
1628988,Aaron Holiday,G,0.204,0.82,0.049,0.008,0.088,0.582,0.318,0.313,0.412,0.406,0.347,0,0,0
1627846,Abdel Nader,F,0.147,0.75,0.075,0.017,0.139,0.565,0.391,0,0,0.364,0.304,0,0,0
201143,Al Horford,C-F,0.187,0.821,0.113,0.062,0.161,0.688,0.553,0.493,0.558,0.353,0.397,0,0,0
202329,Al-Farouq Aminu,F,0.133,0.867,0.127,0.048,0.204,0.596,0.371,0.133,0.222,0.366,0.302,0,0,0
1626210,Alan Williams,F-C,0.222,0.5,0.264,0.114,0.405,0.8,0.5,0.667,0,0,0,0,nan,0
202692,Alec Burks,G,0.184,0.823,0.084,0.021,0.151,0.555,0.239,0.267,0.255,0.381,0.366,0,0,0
203518,Alex Abrines,,0.119,0.923,0.036,0.007,0.067,0.556,0,0,0.4,0.379,0.304,0.5,0,0
1627936,Alex Caruso,G,0.184,0.797,0.058,0.035,0.079,0.494,0.455,0.25,0.333,0.429,0.469,0,0,0
203458,Alex Len,C,0.212,0.648,0.124,0.09,0.159,0.612,0.347,0.316,0.235,0.341,0.4,0,0,0
1627816,Alex Poythress,F,0.138,0.621,0.117,0.085,0.151,0.566,0.333,0,0,0.421,0.25,0,0,0
1628035,Alfonzo McKinnie,F,0.129,0.563,0.114,0.075,0.152,0.661,0.267,0.5,0.333,0.321,0.409,0,0,0
1628993,Alize Johnson,F,0.116,0.5,0.122,0.051,0.192,0.333,0.2,0,0,0.5,0,0,0,0
203459,Allen Crabbe,G-F,0.158,0.732,0.06,0.013,0.108,0.526,0.2,0.471,0.222,0.412,0.333,0,0,0
1629019,Allonzo Trier,G,0.206,0.803,0.063,0.02,0.107,0.541,0.333,0.412,0.333,0.393,0.402,0,0,0
1628518,Amile Jefferson,F,0.124,0.875,0.158,0.082,0.25,0.769,0,0,0,0,0,0,0,0
101161,Amir Johnson,C-F,0.166,0.756,0.133,0.084,0.185,0.684,0.313,0.667,1,0.176,0.375,0,0,0
203083,Andre Drummond,C,0.225,0.59,0.228,0.151,0.311,0.596,0.378,0.313,0.111,0.167,0.15,0,0,0
2738,Andre Iguodala,G-F,0.1,0.582,0.076,0.031,0.117,0.821,0,0.308,0.294,0.377,0.284,0,0,0
201281,Andre Ingram,,0.184,0,0.056,0.059,0.053,0,0,0,0,0,0,0,0,0
101106,Andrew Bogut,C,0.146,1,0.208,0.1,0.297,0.56,0.333,0.5,0,0,0,0,nan,0
1626150,Andrew Harrison,,0.169,0.944,0.053,0.032,0.074,0.533,0.333,0.5,0,0.091,0.286,0,0,0
203952,Andrew Wiggins,F-G,0.239,0.699,0.065,0.031,0.099,0.558,0.385,0.333,0.317,0.388,0.314,0.333,0,0
1629014,Anfernee Simons,G,0.237,0.563,0.046,0.022,0.067,0.769,0.25,0.333,0.571,0.333,0.353,0,0,0
1629116,Angel Delgado,C,0.15,0.5,0.105,0.083,0.143,0.2,0,0,0,0,0,nan,nan,0
1627790,Ante Zizic,C,0.177,0.705,0.144,0.097,0.193,0.633,0.345,0.455,0.353,0,0,0,0,0
203076,Anthony Davis,F-C,0.287,0.794,0.17,0.089,0.249,0.703,0.384,0.415,0.322,0.424,0.315,0,0,0
201229,Anthony Tolliver,F,0.12,0.783,0.075,0.012,0.143,0.462,0.25,0,0.75,0.313,0.431,0.333,0,0
1628469,Antonio Blakeney,G,0.237,0.658,0.061,0.008,0.114,0.575,0.473,0.376,0.275,0.493,0.263,0,0,0
203382,Aron Baynes,C-F,0.145,0.855,0.139,0.103,0.175,0.554,0.412,0.462,0.364,0.438,0.311,0,0,0
203085,Austin Rivers,G,0.141,0.526,0.038,0.012,0.065,0.578,0.424,0.313,0.333,0.336,0.317,0,0,0
202340,Avery Bradley,G,0.159,0.86,0.044,0.022,0.065,0.457,0.372,0.382,0.464,0.397,0.365,0,0,0
1629168,BJ Johnson,F,0.176,1,0.086,0.038,0.15,0.4,1,0.667,0.5,0.75,0,0,nan,0
1628389,Bam Adebayo,C-F,0.156,0.735,0.151,0.083,0.221,0.677,0.339,0.375,0.444,0,0.429,0,0,0
203463,Ben McLemore,,0.185,0.667,0.053,0.018,0.089,0.444,0,0,0.6,0.357,0.471,0,0,0
1627732,Ben Simmons,G-F,0.214,0.6,0.122,0.062,0.179,0.65,0.425,0.254,0.095,1,0,0,0,0
1628656,Billy Garrett,G-F,0.211,1,0.022,0,0.041,0.833,0,0.5,0.667,0,0,0,nan,0
202687,Bismack Biyombo,C,0.126,0.637,0.151,0.099,0.205,0.637,0.409,0.417,0.429,0,0,0,0,0
201933,Blake Griffin,F,0.295,0.753,0.105,0.036,0.182,0.644,0.327,0.242,0.263,0.403,0.333,0.6,0,0
1626246,Boban Marjanovic,C,0.219,0.748,0.18,0.124,0.232,0.692,0.463,0.571,0.429,0.429,0.2,0,0,0
1626171,Bobby Portis,F,0.24,0.794,0.154,0.083,0.226,0.553,0.425,0.444,0.277,0.301,0.423,0,0,0
203992,Bogdan Bogdanovic,G,0.219,0.827,0.058,0.019,0.098,0.56,0.343,0.474,0.429,0.368,0.36,0.286,0,0
202711,Bojan Bogdanovic,F,0.217,0.807,0.064,0.013,0.113,0.631,0.388,0.422,0.45,0.524,0.37,0.375,0,0
1629045,Bonzie Colson,F,0.173,0.889,0.122,0.065,0.182,0.462,0.5,0,1,0.333,0.182,0,0,0
202954,Brad Wanamaker,G,0.161,0.857,0.054,0.008,0.096,0.692,0.429,0.286,0.5,0.2,0.441,0,0,0
203078,Bradley Beal,G,0.277,0.808,0.066,0.028,0.104,0.658,0.424,0.468,0.426,0.345,0.358,0.4,0,0
1629164,Brandon Goodwin,G,0.218,0.818,0.026,0.016,0.038,0.4,0,0,0,0,0.4,0,0,0
1627742,Brandon Ingram,F,0.226,0.675,0.069,0.022,0.113,0.617,0.5,0.403,0.407,0.368,0.317,0,0,0
202688,Brandon Knight,G,0.175,0.794,0.039,0.012,0.07,0.535,0.208,0.273,0.652,0.378,0.319,1,0,0
1629102,Brandon Sampson,G,0.154,0.667,0.038,0.014,0.063,0.632,0.5,0,0,0.417,0.353,0,0,0
201572,Brook Lopez,C,0.164,0.842,0.079,0.014,0.135,0.742,0.417,0.538,0.333,0.402,0.355,0.353,0,0
1628971,Bruce Brown,G,0.112,0.75,0.062,0.032,0.092,0.491,0.342,0.375,0.25,0.34,0.19,0,0,0
203998,Bruno Caboclo,F,0.149,0.84,0.093,0.05,0.137,0.568,0.2,0,1,0.373,0.4,0,0,0
1627854,Bryn Forbes,G,0.169,0.885,0.053,0.008,0.096,0.547,0.463,0.418,0.519,0.42,0.427,0.75,0,0
1627741,Buddy Hield,G,0.242,0.886,0.072,0.036,0.11,0.587,0.262,0.45,0.42,0.448,0.415,0.333,0,0
203710,C.J. Williams,G,0.136,0,0.029,0.007,0.053,0.545,0.5,1,0.667,0.375,0.4,0,0,0
203468,CJ McCollum,G,0.246,0.828,0.056,0.025,0.087,0.54,0.427,0.51,0.524,0.4,0.369,0,0,0
101139,CJ Miles,F-G,0.172,0.828,0.051,0.014,0.09,0.44,0.286,0.412,0.389,0.459,0.262,0,0,0
1628403,Caleb Swanigan,F,0.169,0.667,0.156,0.081,0.236,0.52,0.3,0.167,0,0.143,0,0,0,0
1626166,Cameron Payne,,0.168,0.805,0.05,0.017,0.083,0.567,0.556,0.4,0.4,0.4,0.259,0,0,0
1629244,Cameron Reynolds,G,0.139,0.889,0.057,0.014,0.102,0.364,0.5,0.714,0,0.355,0.524,0,0,0
1627747,Caris LeVert,G,0.234,0.691,0.065,0.03,0.1,0.558,0.37,0.405,0.333,0.306,0.306,0,0,0
2546,Carmelo Anthony,,0.199,0.682,0.088,0.027,0.158,0.619,0.4,0.455,0.5,0.182,0.392,0,0,0
1626224,Cedi Osman,F,0.181,0.779,0.073,0.018,0.134,0.58,0.294,0.44,0.344,0.367,0.354,0,0,0
1628990,Chandler Hutchison,F,0.119,0.605,0.1,0.033,0.167,0.587,0.415,0,0.667,0.345,0.222,0,0,0
202718,Chandler Parsons,F,0.191,0.88,0.066,0.007,0.126,0.512,0.5,0.231,0.429,0.318,0.296,1,0,0
101112,Channing Frye,F-C,0.172,0.786,0.075,0.01,0.158,0.571,0.286,0,0.455,0.267,0.415,0.667,0,0
1626184,Chasson Randle,G,0.157,0.694,0.036,0.013,0.062,0.543,0.286,0.167,0.182,0.324,0.423,1,0,0
1627767,Cheick Diallo,F,0.154,0.746,0.171,0.079,0.26,0.711,0.559,0.472,0.526,0.167,1,0,0,0
1629002,Chimezie Metu,F,0.221,0.765,0.121,0.061,0.179,0.389,0.588,0.222,0,0,0,0,0,0
1628449,Chris Boucher,F,0.211,0.867,0.148,0.086,0.209,0.611,0,0,0,0.538,0.208,0,0,0
1629185,Chris Chiozza,G,0.108,0,0.053,0.021,0.111,0,0,0,0,0.333,0.5,0,0,0
101108,Chris Paul,G,0.218,0.862,0.07,0.019,0.123,0.529,0.388,0.479,0.5,0.324,0.369,0.556,0,0.333
1626174,Christian Wood,F,0.246,0.732,0.147,0.061,0.231,0.683,0.25,0.6,0.2,0.3,0.389,0,0,0
203991,Clint Capela,C,0.179,0.636,0.185,0.13,0.241,0.691,0.346,0,0,0,0,0,0,0
203469,Cody Zeller,C,0.157,0.787,0.127,0.084,0.171,0.606,0.545,0.211,0,0.25,0.333,0,0,0
1629012,Collin Sexton,G,0.246,0.839,0.045,0.021,0.072,0.518,0.351,0.388,0.389,0.402,0.403,0,0,0
201147,Corey Brewer,G-F,0.128,0.721,0.07,0.045,0.098,0.632,0.083,0.2,0.5,0.241,0.412,0,0,0
202709,Cory Joseph,G,0.132,0.698,0.066,0.019,0.111,0.596,0.379,0.446,0.394,0.342,0.33,0,0,0.25
201584,Courtney Lee,G,0.149,0.667,0.06,0.019,0.105,0.545,0.556,0.429,0.458,0.457,0.12,0,0,0
1626245,Cristiano Felicio,F-C,0.136,0.685,0.143,0.101,0.187,0.593,0.316,0.429,0.429,0,0,0,0,0
1626156,D'Angelo Russell,G,0.309,0.78,0.06,0.02,0.099,0.531,0.44,0.507,0.44,0.396,0.357,0,0,0
201571,D.J. Augustin,G,0.168,0.866,0.044,0.018,0.071,0.587,0.345,0.356,0.486,0.487,0.402,0.25,0,0
1628391,D.J. Wilson,F,0.139,0.553,0.112,0.047,0.174,0.534,0.389,0.389,0.25,0.383,0.362,0,0,0
203474,DJ Stephens,,0.13,0,0,0,0,0.5,0,0,0,0,0,0,nan,0
1629541,Dairis Bertans,G,0.12,0,0.024,0.011,0.036,0,0,0,0,0.294,0.28,0,0,0
1627745,Damian Jones,C,0.112,0.649,0.094,0.086,0.099,0.731,1,0,1,0,0,0,0,0
203081,Damian Lillard,G,0.28,0.912,0.062,0.023,0.1,0.541,0.386,0.396,0.491,0.4,0.375,0.348,0,0
1627814,Damion Lee,G,0.162,0.864,0.078,0.02,0.134,0.5,0.556,0.364,0.571,0.486,0.324,0,0,0
1628422,Damyean Dotson,G,0.169,0.745,0.061,0.016,0.108,0.562,0.143,0.419,0.44,0.473,0.317,0.333,0,0
1627772,Daniel Hamilton,,0.151,0.5,0.102,0.043,0.161,0.522,0.143,0.25,0.5,0.313,0.429,0,0,0
1628464,Daniel Theis,F,0.149,0.737,0.116,0.088,0.145,0.725,0.333,0.333,0.286,0.35,0.412,0,0,0
201568,Danilo Gallinari,F,0.236,0.904,0.101,0.027,0.171,0.571,0.458,0.459,0.34,0.423,0.437,0.25,0,0
201980,Danny Green,G-F,0.138,0.841,0.07,0.028,0.107,0.582,0.314,0.536,0.444,0.468,0.433,0,0,0
201967,Dante Cunningham,F,0.085,0.778,0.098,0.049,0.148,0.588,0.421,0.714,0.077,0.434,0.571,0,0,0
203957,Dante Exum,G,0.205,0.791,0.051,0.024,0.077,0.508,0.282,0.667,0.5,0.341,0.167,0,0,0
1627863,Danuel House Jr.,F-G,0.136,0.789,0.069,0.025,0.112,0.641,0.333,0,1,0.396,0.444,0,0,0
203967,Dario Saric,F,0.172,0.88,0.106,0.058,0.153,0.61,0.3,0.16,0.39,0.342,0.369,0,0,0
203121,Darius Miller,F,0.13,0.789,0.033,0.007,0.059,0.684,0.4,0.444,0.438,0.388,0.354,0,0,0
201954,Darren Collison,G,0.175,0.832,0.054,0.017,0.089,0.568,0.136,0.523,0.429,0.504,0.377,0,0,0
1629133,Daryl Macon,G,0.165,0.571,0.057,0.019,0.099,0.5,0,0.5,0,0.5,0.5,0,0,0
1628021,David Nwaba,G,0.14,0.682,0.082,0.039,0.128,0.595,0.409,0.6,0,0.364,0.267,0,0,0
202722,Davis Bertans,F,0.134,0.883,0.08,0.015,0.139,0.707,0.292,0.478,0.5,0.476,0.42,0,0,0
1628432,Davon Reed,G,0.104,0,0.052,0.033,0.073,0.75,0,0,0,0,0.667,0,nan,0
1628368,De'Aaron Fox,G,0.237,0.727,0.054,0.015,0.095,0.609,0.351,0.404,0.425,0.292,0.399,0,0,0
1629001,De'Anthony Melton,G,0.145,0.75,0.068,0.025,0.114,0.566,0.276,0.5,0.167,0.34,0.264,0,0,0
201599,DeAndre Jordan,C,0.148,0.705,0.21,0.105,0.315,0.677,0.345,0.167,0,0,0,0,0,0
1627761,DeAndre' Bembry,F,0.167,0.64,0.086,0.026,0.148,0.582,0.274,0.333,0.25,0.224,0.352,0,0,0
201942,DeMar DeRozan,G,0.276,0.83,0.085,0.02,0.147,0.674,0.455,0.427,0.398,0.345,0.056,0,0,0
202326,DeMarcus Cousins,C,0.279,0.736,0.153,0.059,0.232,0.635,0.379,0.364,0.357,0.167,0.279,1,0,0
201960,DeMarre Carroll,F,0.18,0.76,0.094,0.037,0.151,0.567,0.313,0.316,0.25,0.344,0.343,0,0,0
1629152,DeVaughn Akoon-Purcell,,0.228,0.5,0.093,0.043,0.15,0.6,0,0,0,0,0,0,0,0
1629028,Deandre Ayton,C,0.208,0.746,0.169,0.101,0.24,0.712,0.537,0.42,0.369,0.304,0,0,0,0
1626153,Delon Wright,G,0.171,0.793,0.074,0.037,0.113,0.579,0.288,0.25,0.286,0.323,0.297,0,0,0
1627743,Demetrius Jackson,,0.182,1,0.035,0.045,0.024,0.6,1,0.5,1,0.5,0.25,0,0,0
1629061,Deng Adel,F,0.097,1,0.048,0.014,0.089,0.286,1,0.5,0.333,0.333,0.235,0,0,0
203471,Dennis Schroder,G,0.236,0.819,0.057,0.015,0.102,0.498,0.424,0.414,0.417,0.315,0.367,0,0,0
1628372,Dennis Smith Jr.,G,0.241,0.635,0.048,0.02,0.075,0.564,0.295,0.257,0.491,0.316,0.308,0,0,0
1629126,Deonte Burton,G,0.157,0.667,0.051,0.014,0.09,0.5,0.2,0.375,0.5,0.214,0.385,0,0,0
202324,Derrick Favors,F-C,0.185,0.675,0.152,0.115,0.188,0.717,0.385,0.421,0.444,0.195,0.333,0,0,0
1627884,Derrick Jones Jr.,F-G,0.15,0.607,0.097,0.076,0.119,0.616,0.15,0.429,0.5,0.333,0.222,0,0,0.2
201565,Derrick Rose,G,0.26,0.856,0.046,0.022,0.07,0.597,0.391,0.479,0.466,0.43,0.345,0,0,0
1628401,Derrick White,G,0.176,0.772,0.072,0.022,0.116,0.589,0.494,0.426,0.565,0.375,0.305,0,0,0
1626164,Devin Booker,G,0.319,0.866,0.058,0.017,0.099,0.609,0.514,0.507,0.473,0.373,0.33,0,0,0.143
2734,Devin Harris,G,0.178,0.761,0.049,0.01,0.09,0.553,0.375,0.286,0.333,0.386,0.278,0,0,0
1628421,Devin Robinson,F,0.176,0.643,0.099,0.058,0.143,0.722,0.75,0.333,0.333,0.5,0,0,0,0
1628984,Devonte' Graham,G,0.164,0.761,0.044,0.013,0.078,0.5,0.286,0.286,0.333,0.371,0.282,0,0,0
203473,Dewayne Dedmon,C,0.165,0.814,0.145,0.063,0.229,0.673,0.326,0.423,0.318,0.392,0.37,0,0,0
1627738,Deyonta Davis,C-F,0.098,0.6,0.122,0.063,0.193,0.824,0,0,0.333,0,0,0,nan,0
1628415,Dillon Brooks,G-F,0.205,0.733,0.051,0.028,0.076,0.467,0.357,0.333,0.333,0.313,0.429,0,0,0
203079,Dion Waiters,G,0.212,0.5,0.049,0.006,0.094,0.516,0.571,0.077,0.419,0.403,0.372,0,0,0
1717,Dirk Nowitzki,F,0.216,0.78,0.092,0.006,0.18,0.667,0.273,0.522,0.371,0.325,0.329,0,0,0
1627734,Domantas Sabonis,F,0.224,0.715,0.184,0.099,0.269,0.696,0.487,0.32,0.427,0.333,0.538,0,0,0
202700,Donatas Motiejunas,F-C,0.313,0,0.115,0.154,0.077,0.5,0.5,1,0,0,0,0,0,0
1628378,Donovan Mitchell,G,0.307,0.806,0.058,0.022,0.093,0.547,0.326,0.467,0.485,0.377,0.358,0.1,0,0.2
1628978,Donte DiVincenzo,G,0.143,0.75,0.069,0.036,0.099,0.788,0,0.5,0,0.348,0.25,0,0,0
1629055,Donte Grantham,F,0.333,0,0,0,0,0,nan,0,0,0,0,nan,nan,0
1627827,Dorian Finney-Smith,F,0.134,0.709,0.092,0.064,0.119,0.595,0.316,0.3,0.381,0.333,0.297,0,0,0
203926,Doug McDermott,F,0.15,0.835,0.039,0.012,0.066,0.669,0.588,0.462,0.282,0.454,0.393,0,0,0
1627733,Dragan Bender,F,0.129,0.593,0.105,0.04,0.168,0.747,0.4,0,0,0.224,0.212,0,0,0
203110,Draymond Green,F,0.128,0.692,0.112,0.031,0.18,0.657,0.333,0.36,0.333,0.333,0.272,0,0,0
1629234,Drew Eubanks,F,0.148,0.846,0.143,0.056,0.214,0.417,0.714,0,0,0,0,0,0,0
1629130,Duncan Robinson,F,0.133,0.667,0.052,0.011,0.091,0.857,0,0,0.333,0.333,0.278,0,0,0
1628605,Dusty Hannahs,,0.222,1,0.016,0,0.036,0.6,0,0,0,0,0,0,nan,0
1628407,Dwayne Bacon,G-F,0.165,0.739,0.057,0.01,0.105,0.67,0.241,0.357,0.263,0.432,0.451,0,0,0
2730,Dwight Howard,C,0.192,0.604,0.177,0.1,0.258,0.725,0.286,0,0.429,1,0,0,0,0
203939,Dwight Powell,F-C,0.166,0.772,0.12,0.081,0.16,0.755,0.391,0.2,0,0.37,0.264,0,0,0
2548,Dwyane Wade,G,0.267,0.708,0.069,0.033,0.106,0.607,0.411,0.394,0.336,0.377,0.288,0,0,0.333
1629058,Dzanan Musa,G-F,0.25,0,0.054,0.019,0.105,0.833,0.667,0,0.5,0,0.167,0,nan,0
202734,E'Twaun Moore,G,0.169,0.763,0.041,0.023,0.058,0.61,0.461,0.466,0.469,0.378,0.439,0,0,0
202334,Ed Davis,C,0.124,0.617,0.22,0.135,0.307,0.643,0.333,0,0,0,0,0,0,0
1628410,Edmond Sumner,G,0.156,0.625,0.051,0.038,0.065,0.407,0.333,0.5,0.5,0.273,0.188,1,0,0
202327,Ekpe Udoh,C-F,0.127,0.633,0.142,0.09,0.189,0.765,0.6,0.5,0,0,0,0,0,0
203901,Elfrid Payton,G,0.177,0.743,0.083,0.037,0.129,0.505,0.39,0.5,0.6,0.304,0.329,0,0,0
1629059,Elie Okobo,G,0.166,0.787,0.051,0.012,0.092,0.581,0.3,0.414,0.304,0.4,0.263,0,0,0
1629150,Emanuel Terry,,0.183,0.5,0.184,0.143,0.235,0.571,0,0,0,0,0,nan,nan,0
1626144,Emmanuel Mudiay,G,0.247,0.774,0.057,0.019,0.098,0.515,0.429,0.509,0.483,0.298,0.351,0.167,0,0
202683,Enes Kanter,C,0.217,0.787,0.188,0.138,0.245,0.637,0.311,0.29,0.36,0.182,0.333,0,0,0
202339,Eric Bledsoe,G,0.224,0.75,0.074,0.035,0.108,0.664,0.293,0.431,0.405,0.267,0.348,0,0,0
201569,Eric Gordon,G,0.214,0.783,0.033,0.007,0.059,0.59,0.206,0.438,0.286,0.383,0.357,0.235,0,0
203961,Eric Moreland,F-C,0.114,0,0.241,0.108,0.348,0.4,0,0,0,0,1,0,0,0
101141,Ersan Ilyasova,F,0.15,0.824,0.112,0.071,0.151,0.592,0.148,0.412,0.313,0.359,0.369,0,0,0
203095,Evan Fournier,G-F,0.216,0.806,0.05,0.014,0.086,0.594,0.44,0.417,0.506,0.391,0.31,0,0,0
202323,Evan Turner,G-F,0.156,0.708,0.096,0.022,0.167,0.608,0.338,0.446,0.492,0.244,0.105,0,0,0
1628402,Frank Jackson,G,0.177,0.74,0.052,0.019,0.085,0.62,0.346,0.419,0.269,0.286,0.342,0,0,0
1626163,Frank Kaminsky,F-C,0.213,0.738,0.104,0.048,0.164,0.653,0.512,0.25,0,0.25,0.387,0,0,0
1628412,Frank Mason,G,0.21,0.684,0.047,0.013,0.083,0.625,0.462,0.438,0.5,0.333,0.204,0,0,0
1628373,Frank Ntilikina,G,0.162,0.767,0.045,0.012,0.08,0.46,0.308,0.326,0.414,0.279,0.299,0,0,0
1627832,Fred VanVleet,G,0.176,0.843,0.046,0.012,0.078,0.489,0.333,0.333,0.51,0.37,0.364,0.25,1,0
1627788,Furkan Korkmaz,G-F,0.173,0.818,0.077,0.023,0.13,0.667,0.4,0.35,0.25,0.432,0.308,0,0,0
202066,Garrett Temple,G-F,0.13,0.748,0.053,0.014,0.092,0.656,0.308,0.417,0.39,0.331,0.328,1,0,0
1629109,Gary Clark,F,0.105,1,0.087,0.035,0.144,0.8,0.5,0,0,0.218,0.354,0,0,0
203914,Gary Harris,G,0.194,0.799,0.047,0.024,0.07,0.548,0.39,0.46,0.226,0.354,0.333,0,0,0
1627780,Gary Payton II,,0.214,0,0.057,0.067,0.05,0.667,0,0,0,0.5,0,nan,0,0
1629018,Gary Trent Jr.,G,0.211,0.429,0.048,0.01,0.08,0.429,0,0.4,0.429,0.357,0.231,0,0,0
201588,George Hill,G,0.145,0.824,0.052,0.028,0.075,0.598,0.462,0.441,0.515,0.377,0.3,0,0,0
1628994,George King,F,0,0,0.091,0,0.25,0,0,0,0,0,0,nan,nan,nan
1627777,Georges Niang,F,0.167,0.833,0.081,0.022,0.135,0.535,0.737,0.545,0,0.423,0.382,0,0,0
101123,Gerald Green,G-F,0.189,0.838,0.059,0.019,0.1,0.694,0.476,0.238,0.444,0.429,0.298,0,0,0
203507,Giannis Antetokounmpo,F,0.311,0.729,0.176,0.066,0.273,0.726,0.307,0.418,0.4,0.268,0.257,0,0,0
203922,Glenn Robinson III,G-F,0.145,0.8,0.056,0.026,0.089,0.582,0.429,0.176,0.5,0.349,0.304,0,0,0
201609,Goran Dragic,G,0.222,0.782,0.052,0.019,0.087,0.544,0.343,0.37,0.346,0.349,0.333,0,0,0
202330,Gordon Hayward,F,0.182,0.834,0.083,0.026,0.141,0.621,0.564,0.471,0.408,0.355,0.355,0,0,0
203476,Gorgui Dieng,C,0.192,0.83,0.145,0.072,0.225,0.673,0.419,0.431,0.488,0.413,0.143,0,0,0
1628960,Grayson Allen,G,0.234,0.75,0.027,0.007,0.047,0.475,0.462,0.308,0.6,0.373,0.265,0,0,0
202328,Greg Monroe,C,0.209,0.625,0.165,0.119,0.218,0.535,0.423,0.364,0,0,0.25,0,0,0
1627824,Guerschon Yabusele,F,0.167,0.682,0.094,0.084,0.104,0.6,0.333,0,0.667,0.111,0.4,0,0,0
1628977,Hamidou Diallo,G,0.159,0.61,0.086,0.065,0.11,0.548,0.25,0.286,0.333,0.227,0,0,0,0
203084,Harrison Barnes,F,0.202,0.824,0.066,0.021,0.111,0.58,0.326,0.306,0.296,0.412,0.376,0.4,0,0
1628385,Harry Giles III,F-C,0.224,0.637,0.125,0.076,0.171,0.622,0.436,0.404,0.333,0.25,0,0,0,0
202355,Hassan Whiteside,C,0.214,0.449,0.222,0.139,0.305,0.675,0.375,0.279,0.4,0.333,0.143,0,0,0
1629312,Haywood Highsmith,F,0.115,0,0.06,0,0.143,0.333,1,1,0,0,0.333,0,0,0
1627740,Henry Ellenson,F,0.186,0.76,0.117,0.018,0.214,0.516,0.077,0.429,0.4,0.368,0.5,0,0,0
203546,Ian Clark,G,0.184,0.892,0.042,0.012,0.071,0.548,0.407,0.577,0.421,0.34,0.307,1,0,0
101133,Ian Mahinmi,C,0.127,0.689,0.123,0.088,0.161,0.548,0.435,0,0,0.2,0.167,0,0,0
1628387,Ike Anigbogu,,0.267,0,0.2,0.143,0.25,0,0,0,0,0,0,0,nan,0
202697,Iman Shumpert,G,0.142,0.8,0.057,0.016,0.101,0.6,0.167,0.263,0.339,0.378,0.317,0,0,0
1629067,Isaac Bonga,G,0.15,0.6,0.089,0.064,0.113,0.267,0.25,0,0,0,0,0,0,0
1629353,Isaac Humphries,C,0.141,0,0.085,0.055,0.123,0.375,0,0,0,0.429,0,0,0,0
1628515,Isaiah Briscoe,,0.137,0.577,0.06,0.008,0.111,0.604,0.25,0,0.364,0.219,0.375,0,0,0
203477,Isaiah Canaan,,0.145,0.792,0.047,0.01,0.086,0.444,0.167,0.429,0.8,0.375,0.356,0,0,0
1628392,Isaiah Hartenstein,F-C,0.111,0.786,0.103,0.089,0.118,0.563,0,0,0,0.5,0.25,0,0,0
1628439,Isaiah Hicks,F,0.153,0.8,0.103,0.059,0.147,0.5,0,0.5,1,0,0,0,0,0
202738,Isaiah Thomas,G,0.272,0.63,0.031,0.023,0.04,0.48,0.313,0.25,0.667,0.2,0.348,0,0,0
202397,Ish Smith,G,0.192,0.758,0.055,0.017,0.097,0.574,0.308,0.386,0.422,0.351,0.329,0,0,0
1628397,Ivan Rabb,F,0.164,0.71,0.146,0.097,0.197,0.664,0.625,0.4,0.296,0.154,0.333,0,0,0
1627826,Ivica Zubac,C,0.198,0.802,0.164,0.108,0.216,0.605,0.375,0.5,0.167,0,0,0,0,0
200826,J.J. Barea,G,0.26,0.705,0.06,0.016,0.106,0.571,0.339,0.435,0.436,0.413,0.284,0,0,0
1629122,J.P. Macura,G,0.209,0,0.073,0,0.143,0.75,0,0,0,0,0,0,nan,0
200755,JJ Redick,G,0.207,0.894,0.036,0.008,0.062,0.589,0.273,0.474,0.515,0.441,0.386,0.5,0,0
2747,JR Smith,G-F,0.175,0.8,0.039,0,0.08,0.5,0.5,0.333,0.412,0.313,0.296,0,0,0
203960,JaKarr Sampson,,0.234,0.81,0.117,0.037,0.196,0.5,0.857,0.75,0.5,0.222,0.625,0,0,0
203210,JaMychal Green,F,0.184,0.792,0.143,0.071,0.218,0.611,0.286,0.455,0.484,0.419,0.373,0,0,0
201580,JaVale McGee,C,0.195,0.632,0.159,0.112,0.203,0.714,0.38,0.371,0.412,0.25,0.125,0,0,0
203953,Jabari Parker,F,0.235,0.712,0.117,0.045,0.187,0.661,0.474,0.385,0.417,0.371,0.255,0,0,0
1628980,Jacob Evans,G,0.134,0,0.057,0.029,0.084,0.333,0.5,0.6,0.308,0.333,0.25,0,0,0
203109,Jae Crowder,F,0.183,0.721,0.083,0.027,0.139,0.594,0.4,0.125,0.545,0.355,0.329,0,0,0
1626143,Jahlil Okafor,C,0.196,0.663,0.14,0.084,0.196,0.664,0.449,0.467,0.5,0,0.333,0,0,0
1627774,Jake Layman,F,0.154,0.704,0.079,0.041,0.115,0.726,0.429,0.5,0.4,0.269,0.398,0,0,0
1627751,Jakob Poeltl,C,0.123,0.533,0.154,0.136,0.171,0.685,0.45,0.5,0.5,1,0,0,0,0
1628973,Jalen Brunson,G,0.185,0.725,0.05,0.015,0.087,0.64,0.456,0.467,0.396,0.33,0.369,0.2,0,0
1627883,Jalen Jones,,0.162,0.704,0.08,0.05,0.113,0.65,0.25,0.5,0,0.3,0.333,1,0,0
2037,Jamal Crawford,G,0.196,0.845,0.034,0.006,0.061,0.5,0.32,0.492,0.5,0.277,0.359,0.4,0,0
1627750,Jamal Murray,G,0.239,0.848,0.063,0.026,0.101,0.546,0.4,0.43,0.462,0.451,0.329,0.167,0.333,0
203516,James Ennis III,F,0.124,0.716,0.074,0.048,0.099,0.623,0.5,0.5,0,0.388,0.291,0,0,0
201935,James Harden,G,0.395,0.879,0.089,0.023,0.157,0.562,0.492,0.465,0.364,0.344,0.377,0.276,0,0
201949,James Johnson,F,0.176,0.714,0.071,0.018,0.123,0.619,0.279,0.238,0.4,0.329,0.342,0,0,0
203263,James Nunnally,,0.151,1,0.025,0,0.053,0.667,0,0,0,0.235,0.4,0,0,0
201162,Jared Dudley,F,0.103,0.696,0.061,0.027,0.096,0.574,0.375,0.5,0.5,0.4,0.333,0.333,0,0
1629123,Jared Terrell,G,0.195,0.5,0.025,0.008,0.044,0.25,0,1,0.429,0.4,0.2,0,0,0
1626185,Jarell Martin,F,0.152,0.818,0.106,0.031,0.185,0.667,0.667,0,0.091,0.396,0.333,0,0,0
1628991,Jaren Jackson Jr.,F-C,0.229,0.766,0.09,0.049,0.132,0.667,0.397,0.409,0.333,0.236,0.437,0.5,0,0
1628417,Jaron Blossomgame,F,0.119,0.769,0.107,0.055,0.162,0.696,0.091,0.429,0,0.25,0.286,0,0,0
1629020,Jarred Vanderbilt,F,0.178,0.6,0.143,0.084,0.205,0.6,0,0,0,0,0,0,0,0
1628386,Jarrett Allen,C,0.157,0.709,0.15,0.088,0.208,0.667,0.448,0.167,0,0.143,0,0,0,0
201160,Jason Smith,,0.168,0.875,0.125,0.077,0.174,0.474,0,0,0.5,0.308,0.313,0,0,0
1628393,Jawun Evans,G,0.137,0,0.093,0.015,0.172,1,0.25,0,0.333,0,0,0,0,0
1629121,Jaylen Adams,G,0.129,0.778,0.063,0.022,0.109,0.444,0,0.2,0.333,0.31,0.383,0,0,0
1627759,Jaylen Brown,G,0.213,0.658,0.077,0.032,0.122,0.608,0.382,0.42,0.465,0.33,0.345,0,0,0
1628537,Jaylen Morris,,0.15,0.5,0.068,0,0.147,0.5,0,0,0,0,0.333,0,nan,0
1628369,Jayson Tatum,F,0.217,0.855,0.093,0.028,0.157,0.613,0.288,0.438,0.377,0.33,0.393,0,0,0
201145,Jeff Green,F,0.173,0.888,0.072,0.027,0.117,0.712,0.5,0.442,0.415,0.333,0.376,0,0,0
201952,Jeff Teague,G,0.185,0.804,0.039,0.012,0.067,0.511,0.398,0.455,0.409,0.39,0.263,0,0,0
1629203,Jemerrio Jones,F,0.108,0.5,0.15,0.1,0.198,0.556,0,0,0,0,0.222,0,0,0
203924,Jerami Grant,F,0.149,0.71,0.073,0.032,0.118,0.633,0.266,0.344,0.379,0.41,0.369,0,0,0
203087,Jeremy Lamb,G,0.219,0.888,0.091,0.027,0.159,0.518,0.413,0.516,0.495,0.448,0.297,0.333,0,1
202391,Jeremy Lin,G,0.211,0.838,0.058,0.014,0.102,0.569,0.468,0.396,0.429,0.36,0.295,0.5,0,0
1626170,Jerian Grant,G,0.129,0.65,0.05,0.019,0.083,0.667,0.286,0.25,0.583,0.349,0.351,0,0,0
1629010,Jerome Robinson,G,0.158,0.667,0.061,0.009,0.109,0.65,0.125,0.556,0.385,0.417,0.303,0,0,0
201573,Jerryd Bayless,G,0.171,0.571,0.045,0.015,0.08,0.469,0.25,0.176,0.515,0.323,0.291,0,0,0
1628975,Jevon Carter,G,0.17,0.813,0.055,0.023,0.09,0.286,0.375,0.25,0.217,0.354,0.322,0,0,0
202690,Jimmer Fredette,G,0.237,1,0.048,0.013,0.088,0.8,0.333,0.5,0.5,0.143,0,0,0,0
202710,Jimmy Butler,G-F,0.217,0.855,0.075,0.054,0.094,0.633,0.345,0.432,0.356,0.311,0.336,0,0,0
201149,Joakim Noah,C,0.188,0.716,0.161,0.078,0.247,0.602,0.222,0,0.167,0.333,0,0,0,0
201975,Jodie Meeks,G,0.169,1,0.056,0.01,0.093,0.9,0.5,0.25,0.333,0.333,0.556,0,0,0
1629147,Joe Chealey,G,0.176,0,0,0,0,0,1,0,0,0,0,nan,nan,nan
203925,Joe Harris,F-G,0.166,0.827,0.06,0.022,0.096,0.579,0.392,0.333,0.385,0.463,0.489,0,0,0
204060,Joe Ingles,F,0.169,0.707,0.061,0.013,0.108,0.607,0.413,0.355,0.308,0.439,0.335,0,1,0
203954,Joel Embiid,F-C,0.324,0.804,0.191,0.075,0.292,0.66,0.415,0.38,0.357,0.288,0.306,0,0,0
1628381,John Collins,F-C,0.228,0.763,0.154,0.112,0.196,0.684,0.386,0.356,0.25,0.421,0.284,0,0,0
203089,John Henson,F,0.17,0.6,0.157,0.074,0.233,0.63,0.429,0,0,0.333,0.389,0,nan,0
204066,John Holland,,0,0,0,0,0,nan,nan,0,nan,nan,0,nan,nan,nan
203098,John Jenkins,G,0.16,0.833,0.052,0.018,0.083,0.667,0.333,0.4,0.273,0.467,0.385,0,0,0
202322,John Wall,G,0.285,0.697,0.05,0.013,0.087,0.584,0.353,0.375,0.422,0.358,0.276,0,0,0
1628405,Johnathan Motley,F,0.262,0.6,0.155,0.104,0.213,0.673,0.231,0.2,0,0,0,0,0,0
1629140,Johnathan Williams,F,0.157,0.563,0.123,0.116,0.13,0.69,0.2,0,0.5,0,0,0,0,0
202720,Jon Leuer,F,0.156,0.742,0.118,0.062,0.182,0.833,0.529,0.222,0.583,0,0.167,0,0,0
1628413,Jonah Bolden,F,0.129,0.481,0.119,0.067,0.173,0.786,0.25,0,0,0.324,0.381,0,0,0
201973,Jonas Jerebko,F,0.144,0.8,0.111,0.055,0.168,0.607,0.357,0.583,0.52,0.421,0.325,1,0,0.5
202685,Jonas Valanciunas,C,0.27,0.795,0.184,0.096,0.268,0.659,0.519,0.419,0.385,0.529,0.25,0,0,0
1628371,Jonathan Isaac,F,0.158,0.815,0.099,0.048,0.152,0.61,0.364,0.381,0.286,0.361,0.299,0,0,0
203613,Jonathon Simmons,F,0.18,0.742,0.057,0.024,0.09,0.522,0.393,0.321,0.263,0.333,0.259,0,0,0
1628395,Jordan Bell,F,0.132,0.61,0.112,0.068,0.154,0.67,0.357,0.417,0.298,0.6,0,0,0,0
203903,Jordan Clarkson,G,0.264,0.844,0.06,0.035,0.087,0.607,0.453,0.49,0.471,0.353,0.315,0.143,0,0
1628070,Jordan Loyd,G,0.157,0.818,0.075,0.017,0.133,0.4,1,0,0.333,0,0.667,0,0,0
203895,Jordan McRae,G,0.19,0.8,0.056,0.017,0.095,0.667,0.545,0.389,0.519,0.286,0.304,0,0.5,0
1626296,Jordan Sibert,,0.083,0,0,0,0,0,0,0,0,0,1,nan,nan,0
101181,Jose Calderon,G,0.103,0.818,0.044,0.015,0.078,0.444,1,0.333,0.543,0.368,0.2,0,0,0
1628404,Josh Hart,G,0.129,0.688,0.065,0.019,0.109,0.616,0.167,0.217,0.333,0.355,0.325,0,0,0
1628367,Josh Jackson,F,0.232,0.671,0.084,0.032,0.136,0.511,0.295,0.413,0.444,0.339,0.319,1,0,0
1629006,Josh Okogie,G,0.147,0.728,0.059,0.021,0.098,0.564,0.188,0.409,0.286,0.278,0.295,0,0,0
1626196,Josh Richardson,G-F,0.202,0.861,0.049,0.02,0.078,0.535,0.349,0.495,0.367,0.352,0.365,0.5,0,0
201950,Jrue Holiday,G,0.249,0.768,0.065,0.03,0.099,0.619,0.413,0.472,0.41,0.333,0.321,0,0,0
1627823,Juancho Hernangomez,F,0.118,0.767,0.093,0.044,0.144,0.604,0.125,0.5,0.333,0.355,0.397,1,0,0
1627395,Julian Washburn,F-G,0.093,0.75,0.075,0.027,0.128,0.571,0.5,0.4,0.6,0.235,0.182,0,0,0
203944,Julius Randle,C-F,0.272,0.731,0.134,0.069,0.198,0.636,0.417,0.403,0.29,0.345,0.361,0.5,0,0
1626147,Justin Anderson,G-F,0.163,0.743,0.082,0.046,0.119,0.571,0.5,0.2,0.25,0.3,0.326,0,0,0
203200,Justin Holiday,F-G,0.153,0.896,0.06,0.017,0.103,0.583,0.156,0.386,0.384,0.357,0.338,0,1,0
1628382,Justin Jackson,F,0.14,0.785,0.06,0.025,0.096,0.763,0.433,0.362,0.367,0.362,0.365,0,0,0
1628383,Justin Patton,,0.138,0.5,0.111,0.065,0.174,0.5,0,0,0,0,0,nan,nan,0
1626159,Justise Winslow,F,0.205,0.628,0.086,0.031,0.141,0.565,0.345,0.358,0.37,0.402,0.373,0,0,0
203994,Jusuf Nurkic,C,0.239,0.773,0.181,0.119,0.241,0.581,0.364,0.439,0.449,0.283,0.111,0,0,0
1628443,Kadeem Allen,G,0.194,0.778,0.06,0.019,0.1,0.604,0.3,0.36,0.3,0.5,0.476,0,0,0
203564,Kalin Lucas,G,0.133,1,0.231,0,0.5,0,0,0,0,0,0,nan,0,nan
1626157,Karl-Anthony Towns,C,0.279,0.836,0.176,0.097,0.257,0.668,0.485,0.343,0.424,0.432,0.381,0.25,0,0
202695,Kawhi Leonard,F,0.298,0.854,0.106,0.039,0.165,0.664,0.474,0.461,0.454,0.399,0.359,1,0,0
1628966,Keita Bates-Diop,F,0.139,0.643,0.077,0.029,0.129,0.712,0.267,0.222,0.4,0.25,0.222,0,0,0
203482,Kelly Olynyk,F,0.173,0.822,0.099,0.038,0.16,0.678,0.531,0.278,0.471,0.393,0.324,0,0,0
1626162,Kelly Oubre Jr.,F,0.221,0.775,0.08,0.035,0.126,0.573,0.386,0.538,0.444,0.346,0.315,0,0,0.5
202689,Kemba Walker,G,0.306,0.844,0.06,0.017,0.106,0.536,0.359,0.46,0.485,0.391,0.359,0.5,0,0.1
202702,Kenneth Faried,F-C,0.193,0.646,0.164,0.123,0.21,0.646,0.304,0.8,0.667,0.4,0.308,0,0,0
1629026,Kenrich Williams,G-F,0.118,0.684,0.094,0.046,0.145,0.553,0.143,0.375,0.154,0.286,0.372,0,0,0.333
203145,Kent Bazemore,G,0.214,0.726,0.072,0.02,0.126,0.549,0.244,0.302,0.424,0.338,0.333,0,0,0
203484,Kentavious Caldwell-Pope,G,0.174,0.867,0.055,0.022,0.088,0.636,0.389,0.378,0.475,0.389,0.331,0.5,0,0
201142,Kevin Durant,F,0.282,0.885,0.088,0.013,0.153,0.729,0.523,0.5,0.571,0.3,0.389,0.2,0,0
1628989,Kevin Huerter,G,0.152,0.732,0.056,0.027,0.087,0.534,0.39,0.356,0.4,0.384,0.385,0.4,0,0
1628995,Kevin Knox,F,0.218,0.717,0.071,0.025,0.12,0.453,0.409,0.361,0.254,0.326,0.342,0,0,0
201567,Kevin Love,F-C,0.257,0.904,0.193,0.051,0.344,0.528,0.318,0.158,0.25,0.431,0.326,0.5,0,0
1626172,Kevon Looney,C-F,0.12,0.619,0.129,0.126,0.133,0.686,0.222,0.583,0.583,0.231,0.25,0,0,0
203920,Khem Birch,C,0.134,0.699,0.138,0.112,0.166,0.664,0.471,0.667,0,0,0,0,0,0
203114,Khris Middleton,F,0.245,0.837,0.089,0.021,0.149,0.547,0.444,0.462,0.451,0.347,0.389,0,0,0
1629017,Khyri Thomas,G,0.157,0.636,0.046,0.017,0.082,0.467,0.25,0.333,0.222,0.381,0.143,0,0,0
202691,Klay Thompson,G,0.252,0.816,0.055,0.015,0.089,0.695,0.366,0.483,0.45,0.442,0.385,0.273,0,0
1628424,Kobi Simmons,,0,0,0,0,0,0,nan,0,0,0,0,nan,nan,nan
201585,Kosta Koufos,C,0.148,0.417,0.156,0.088,0.229,0.582,0.316,0.519,1,0,0,0,0,0
1628961,Kostas Antetokounmpo,F,0.24,0.5,0.056,0,0.111,0,0,0,0,0,0,nan,nan,0
1627739,Kris Dunn,G,0.197,0.797,0.066,0.013,0.119,0.491,0.421,0.443,0.357,0.37,0.348,0,0,0
203937,Kyle Anderson,F,0.126,0.578,0.1,0.038,0.161,0.653,0.491,0.385,0.409,0.464,0.083,0,0,0
2594,Kyle Korver,G-F,0.172,0.822,0.056,0.006,0.105,0.75,0.4,0.412,0.455,0.435,0.363,0.143,0,0
1628398,Kyle Kuzma,F,0.232,0.752,0.077,0.025,0.127,0.625,0.425,0.486,0.378,0.309,0.305,0.25,0,0
200768,Kyle Lowry,G,0.19,0.83,0.069,0.019,0.114,0.616,0.391,0.378,0.488,0.357,0.329,0.545,0,0
203124,Kyle O'Quinn,C,0.194,0.81,0.151,0.078,0.216,0.643,0.5,0.421,0.5,0.5,0.111,0,0,0
202681,Kyrie Irving,G,0.285,0.873,0.072,0.031,0.113,0.605,0.402,0.534,0.475,0.418,0.4,0.462,0,0
200746,LaMarcus Aldridge,C-F,0.267,0.847,0.139,0.096,0.18,0.67,0.474,0.444,0.42,0.449,0.281,0,0,0
202362,Lance Stephenson,G,0.195,0.685,0.088,0.026,0.15,0.563,0.077,0.455,0.45,0.366,0.375,0,0,0
202498,Lance Thomas,F,0.127,0.75,0.068,0.023,0.115,0.593,0.313,0.286,0.583,0.312,0.25,0,0,0
1629013,Landry Shamet,G,0.144,0.806,0.036,0.011,0.06,0.535,0.455,0.36,0.3,0.427,0.415,1,0,0
204038,Langston Galloway,G,0.152,0.844,0.047,0.025,0.07,0.524,0.351,0.28,0.462,0.413,0.307,0,1,0
1626204,Larry Nance Jr.,F,0.151,0.716,0.154,0.09,0.224,0.685,0.341,0.316,0.4,0.3,0.333,0,0,0
1628374,Lauri Markkanen,F,0.244,0.872,0.138,0.043,0.234,0.568,0.479,0.314,0.306,0.4,0.36,0.4,0,0
2544,LeBron James,F,0.309,0.665,0.114,0.029,0.193,0.69,0.257,0.479,0.344,0.423,0.341,0.267,1,0
1629022,Lonnie Walker IV,G,0.194,0.8,0.065,0,0.122,0.467,0,0.4,0.25,0.429,0.333,0,0,0
1628366,Lonzo Ball,G,0.166,0.417,0.081,0.036,0.124,0.563,0.292,0.211,0.3,0.306,0.352,0,0,0
203485,Lorenzo Brown,,0.165,1,0.066,0.021,0.11,0.37,0.5,0.4,0.5,0.286,0.2,0,0,0
101150,Lou Williams,G,0.307,0.876,0.051,0.019,0.081,0.508,0.471,0.444,0.381,0.347,0.347,0.308,0,0
201601,Luc Mbah a Moute,,0.139,0.4,0.051,0.034,0.065,0.4,1,0,1,0,0.667,nan,nan,0
1629029,Luka Doncic,F-G,0.294,0.713,0.117,0.036,0.198,0.588,0.455,0.385,0.386,0.377,0.328,0.077,0.667,0.067
1628379,Luke Kennard,G,0.178,0.836,0.062,0.008,0.121,0.6,0.486,0.439,0.449,0.39,0.399,0.333,0,0
1628436,Luke Kornet,F-C,0.177,0.826,0.079,0.033,0.123,0.558,0.273,0.308,0,0.48,0.317,0.75,0,0
2736,Luol Deng,F,0.154,0.714,0.088,0.049,0.125,0.714,0.6,0.4,0.286,0.364,0.231,0,0,0
1627781,Malachi Richardson,,0.141,0.8,0.052,0.016,0.087,0.5,0,0,0,0.333,0.273,0,0,0
1627763,Malcolm Brogdon,G,0.199,0.928,0.073,0.035,0.107,0.59,0.286,0.381,0.409,0.47,0.405,0,0,0
1626259,Malcolm Miller,F,0.179,0.75,0.034,0.015,0.048,0,0,0,1,0.417,0.5,1,0,0
1627736,Malik Beasley,G,0.18,0.848,0.051,0.018,0.085,0.654,0.37,0.457,0.463,0.435,0.38,0,0,0
1628370,Malik Monk,G,0.234,0.882,0.052,0.012,0.095,0.588,0.194,0.4,0.372,0.305,0.354,0.5,0,0
202705,MarShon Brooks,,0.231,0.697,0.058,0.03,0.089,0.761,0.333,0.462,0.357,0.333,0.244,0,0,0
201188,Marc Gasol,C,0.209,0.759,0.132,0.034,0.227,0.603,0.479,0.366,0.411,0.476,0.333,1,0,0
101162,Marcin Gortat,,0.146,0.729,0.172,0.089,0.253,0.615,0.429,0.379,0.2,0,0,0,0,0
201158,Marco Belinelli,G-F,0.185,0.903,0.052,0.009,0.093,0.549,0.531,0.353,0.355,0.416,0.387,0.167,0,0.2
1629094,Marcus Derrickson,F,0.233,0.8,0.083,0.104,0.063,0.5,0,0.5,0.5,0.5,0.467,1,0,0
202694,Marcus Morris,F,0.202,0.844,0.106,0.035,0.176,0.624,0.466,0.354,0.523,0.322,0.398,1,0,0
203935,Marcus Smart,G,0.142,0.806,0.051,0.025,0.077,0.63,0.364,0.385,0.3,0.384,0.362,0,0,0
1626209,Mario Hezonja,F,0.206,0.763,0.093,0.021,0.168,0.529,0.316,0.486,0.433,0.231,0.333,0,0,0
1628365,Markelle Fultz,G,0.187,0.568,0.073,0.056,0.088,0.561,0.4,0.344,0.2,0.4,0.5,0,0,0
202693,Markieff Morris,F,0.189,0.772,0.101,0.045,0.161,0.583,0.492,0.303,0.48,0.337,0.331,0,0,0
1627737,Marquese Chriss,F,0.194,0.711,0.138,0.072,0.216,0.489,0.462,0.333,0,0.323,0.15,0,0,0
1628963,Marvin Bagley III,F,0.236,0.691,0.136,0.092,0.18,0.634,0.438,0.4,0.417,0.216,0.359,0,0,0
101107,Marvin Williams,F,0.146,0.767,0.091,0.033,0.152,0.564,0.452,0.346,0.333,0.417,0.338,0.333,0,0
203486,Mason Plumlee,F-C,0.157,0.561,0.144,0.091,0.198,0.671,0.371,0.48,0.333,0.375,0,0,0,0
203521,Matthew Dellavedova,G,0.172,0.808,0.044,0.007,0.081,0.541,0.488,0.4,0.4,0.407,0.327,0.667,0,0
203090,Maurice Harkless,F,0.134,0.671,0.09,0.052,0.128,0.632,0.346,0.4,0,0.271,0.297,0,0,0
1628467,Maxi Kleber,F,0.131,0.784,0.103,0.057,0.149,0.643,0.556,0.391,0.2,0.34,0.381,0,0,0
1628982,Melvin Frazier Jr.,G-F,0.2,0.25,0.05,0.053,0.045,0.75,0,0,0.5,0,0,0,0,0
203086,Meyers Leonard,F-C,0.147,0.843,0.13,0.055,0.206,0.714,0.417,0.471,0.333,0.556,0.413,0,0,0
201563,Michael Beasley,,0.285,0.718,0.1,0.044,0.153,0.647,0.32,0.333,0.333,0.25,0.143,0,0,0
203487,Michael Carter-Williams,G,0.174,0.604,0.088,0.043,0.143,0.455,0.409,0.333,0,0.4,0.174,0,0,0
203077,Michael Kidd-Gilchrist,F,0.15,0.772,0.098,0.069,0.129,0.579,0.341,0.273,0.55,0.385,0.273,0,0,0
1628969,Mikal Bridges,F,0.118,0.805,0.054,0.023,0.085,0.633,0.333,0.286,0.364,0.322,0.353,1,0,0
201144,Mike Conley,G,0.261,0.845,0.051,0.017,0.088,0.549,0.483,0.428,0.438,0.37,0.369,0.4,0,0
203488,Mike Muscala,F-C,0.137,0.824,0.088,0.041,0.133,0.571,0.455,0.5,0.538,0.3,0.371,0,0,0
203118,Mike Scott,F,0.137,0.667,0.09,0.029,0.147,0.478,0.233,0.522,0.375,0.404,0.403,0,0,0
1628970,Miles Bridges,F,0.145,0.753,0.091,0.037,0.148,0.627,0.333,0.375,0.143,0.327,0.354,0,0,0
203101,Miles Plumlee,C,0.165,0.533,0.111,0.085,0.141,0.73,0.667,0.25,0,0,0,0,0,0
1628462,Milos Teodosic,,0.169,0.571,0.053,0.021,0.084,0.75,0,1,0.5,0.333,0.467,0,0,0
1628249,Mitchell Creek,,0.169,0.714,0.107,0.109,0.105,0.583,1,0,0,0,0,0,nan,0
1629011,Mitchell Robinson,C,0.118,0.6,0.144,0.122,0.166,0.698,0.667,1,0,0,0,0,0,0
1628964,Mo Bamba,C,0.173,0.587,0.14,0.074,0.213,0.726,0.32,0.143,0.484,0.281,0.311,0,0,0
1628420,Monte Morris,G,0.167,0.802,0.047,0.017,0.078,0.567,0.546,0.564,0.385,0.442,0.402,0,0,0
1626149,Montrezl Harrell,F-C,0.226,0.643,0.117,0.085,0.146,0.687,0.379,0.391,0.286,0.25,0.273,0,0,0
1629021,Moritz Wagner,C,0.208,0.811,0.089,0.035,0.142,0.547,0.5,0,0.667,0.353,0.267,0,0,0
1626167,Myles Turner,C-F,0.198,0.736,0.123,0.048,0.195,0.658,0.436,0.486,0.4,0.425,0.386,0,0,0
1628513,Naz Mitrou-Long,G,0.137,1,0.034,0.011,0.057,0.444,0,0,0,0,0.25,0,0,0
202357,Nemanja Bjelica,F,0.161,0.761,0.117,0.065,0.171,0.593,0.417,0.222,0.222,0.368,0.43,0.286,0,0
2403,Nene,C-F,0.113,0.66,0.105,0.058,0.152,0.662,0.214,0.333,0.429,0.4,0,0,0,0
203457,Nerlens Noel,F-C,0.136,0.684,0.139,0.105,0.176,0.706,0.391,0.394,0.3,0,0,0,0,0
201156,Nick Young,,0.125,0,0.012,0,0.026,0,0,0,0,0.4,0.333,0,0,nan
201587,Nicolas Batum,F-G,0.128,0.865,0.079,0.028,0.131,0.628,0.5,0.382,0.388,0.453,0.337,0,0,0
203917,Nik Stauskas,G,0.169,0.891,0.059,0.016,0.104,0.463,0.222,0.48,0.52,0.308,0.412,0.5,0.5,0
203999,Nikola Jokic,C,0.269,0.821,0.169,0.089,0.249,0.632,0.515,0.516,0.435,0.309,0.303,0,0,0
202703,Nikola Mirotic,F,0.204,0.847,0.123,0.045,0.198,0.638,0.571,0.417,0.303,0.357,0.379,0.5,0,0
202696,Nikola Vucevic,C,0.274,0.789,0.188,0.088,0.286,0.669,0.518,0.395,0.409,0.416,0.379,0,0,0
203943,Noah Vonleh,F,0.143,0.712,0.145,0.06,0.234,0.564,0.492,0.375,0.357,0.333,0.34,0,0,0
1626181,Norman Powell,F-G,0.18,0.827,0.058,0.013,0.102,0.604,0.56,0.125,0.318,0.481,0.341,0,0,0
1628384,OG Anunoby,F,0.147,0.581,0.069,0.04,0.1,0.631,0.188,0.375,0.5,0.32,0.345,0,0,0
1627855,Okaro White,,0.105,0,0.111,0.091,0.143,0,0,0,0,0,0,0,nan,nan
1629016,Omari Spellman,F,0.144,0.711,0.111,0.08,0.144,0.495,0.167,0.167,0.5,0.418,0.281,0,0,0
201956,Omri Casspi,,0.17,0.672,0.109,0.033,0.184,0.674,0.391,0,0,0.417,0.345,0,0,0
203490,Otto Porter Jr.,F,0.184,0.813,0.092,0.031,0.153,0.65,0.563,0.425,0.412,0.442,0.369,0,0,0
1628408,PJ Dozier,G-F,0.173,0.5,0.138,0.102,0.172,0.857,0,0,0,0,0.286,0,0,0
200782,PJ Tucker,F,0.094,0.695,0.084,0.041,0.129,0.495,0.286,0.556,0,0.38,0.375,0,0,0
1627783,Pascal Siakam,F,0.203,0.785,0.105,0.05,0.154,0.671,0.404,0.457,0.5,0.416,0.22,0,0,0
1626192,Pat Connaughton,G,0.129,0.725,0.092,0.046,0.135,0.697,0.5,0,0.625,0.321,0.331,0.5,0,0
201976,Patrick Beverley,G,0.119,0.78,0.087,0.035,0.135,0.464,0.38,0.25,0.25,0.404,0.392,0,0,0
1627775,Patrick McCaw,G,0.091,0.867,0.061,0.017,0.105,0.56,0.333,0,0.5,0.563,0,0,0,0
202335,Patrick Patterson,F,0.117,0.633,0.078,0.043,0.114,0.538,0.278,0.389,0.2,0.385,0.3,0,0,0
201988,Patty Mills,G,0.173,0.854,0.045,0.012,0.076,0.629,0.48,0.429,0.325,0.415,0.383,0,0,0
2200,Pau Gasol,C-F,0.149,0.7,0.181,0.058,0.304,0.513,0.357,0.4,0.385,0.4,0.5,0,nan,0
202331,Paul George,F,0.284,0.839,0.101,0.033,0.173,0.59,0.379,0.407,0.393,0.421,0.372,0,0,0.2
200794,Paul Millsap,F,0.19,0.727,0.13,0.078,0.182,0.605,0.376,0.435,0.316,0.372,0.342,0,0,0.5
203112,Quincy Acy,,0.086,0.7,0.089,0.022,0.153,1,0,0,0,0.167,0.111,0,0,0
202347,Quincy Pondexter,F,0.128,0.81,0.077,0.028,0.123,0.607,0.75,0.333,0,0.462,0.2,0,0,0
1626188,Quinn Cook,G,0.199,0.769,0.072,0.021,0.123,0.552,0.55,0.356,0.618,0.453,0.373,0,0,0
1626154,RJ Hunter,G,0.226,0.5,0.045,0.037,0.05,0.5,0,1,0,0,0.429,0.333,0,0
200765,Rajon Rondo,G,0.172,0.639,0.083,0.023,0.142,0.469,0.417,0.227,0.333,0.292,0.398,0,0,0
203526,Raul Neto,G,0.182,0.848,0.064,0.014,0.105,0.633,0.4,0.421,0.5,0.289,0.391,0,0,0
1628959,Rawle Alkins,G,0.173,0.667,0.097,0.077,0.12,0.375,0.5,0,0,0.5,0.143,0,0,0
1629034,Ray Spalding,F,0.161,0.333,0.142,0.091,0.19,0.545,0.625,1,0,0,0,0,0,0
101109,Raymond Felton,G,0.164,0.923,0.04,0.009,0.074,0.526,0.5,0.3,0.455,0.375,0.366,0,0,0
203493,Reggie Bullock,G-F,0.153,0.859,0.045,0.011,0.082,0.57,0.286,0.286,0.538,0.425,0.354,0.167,0,0
202704,Reggie Jackson,G,0.236,0.864,0.046,0.019,0.076,0.507,0.423,0.447,0.5,0.349,0.376,0.25,0,0
1626158,Richaun Holmes,F-C,0.172,0.731,0.134,0.095,0.173,0.69,0.387,0.379,0,0,0,0,0,0
201937,Ricky Rubio,G,0.219,0.855,0.062,0.017,0.107,0.559,0.34,0.348,0.427,0.327,0.293,0,0,0
203496,Robert Covington,F,0.153,0.764,0.075,0.022,0.127,0.645,0.35,0.357,0.3,0.44,0.351,0.667,0,0
1629057,Robert Williams III,C-F,0.099,0.6,0.126,0.086,0.164,0.761,0,0.333,0,0,0,0,0,0
201577,Robin Lopez,C,0.181,0.724,0.085,0.085,0.085,0.663,0.528,0.56,0.25,0.235,0.208,0,0,0
1629066,Rodions Kurucs,F,0.174,0.783,0.086,0.04,0.131,0.594,0.15,0.286,0.5,0.346,0.305,0,0,0
203918,Rodney Hood,G,0.177,0.884,0.041,0.012,0.071,0.611,0.407,0.453,0.433,0.421,0.331,0,0,0
203585,Rodney McGruder,F-G,0.147,0.722,0.07,0.035,0.106,0.576,0.318,0.324,0.5,0.344,0.343,1,0,0
1627758,Ron Baker,,0.074,0.833,0.035,0.006,0.069,0.4,0,0,0.5,0.143,0,0,0,0
1626178,Rondae Hollis-Jefferson,F,0.207,0.645,0.115,0.06,0.17,0.5,0.324,0.255,0.286,0.205,0.1,0,0,0
1626220,Royce O'Neale,F,0.106,0.762,0.082,0.013,0.146,0.647,0.222,0.25,0.5,0.4,0.417,0,0,0
200752,Rudy Gay,F,0.214,0.816,0.125,0.034,0.209,0.6,0.424,0.574,0.515,0.474,0.367,0,0,0
203497,Rudy Gobert,C,0.174,0.636,0.194,0.117,0.27,0.7,0.325,0.143,0.2,0,0,0,0,0
201566,Russell Westbrook,G,0.301,0.656,0.141,0.036,0.255,0.612,0.247,0.38,0.318,0.326,0.275,0.333,0,0
201583,Ryan Anderson,F,0.12,0.75,0.084,0.055,0.112,0.5,0,0.167,0.4,0.316,0.208,0,0,0
1627853,Ryan Arcidiacono,G,0.116,0.873,0.054,0.013,0.096,0.568,0.475,0.548,0.571,0.404,0.353,0,0,0
1629151,Ryan Broekhoff,G-F,0.139,0.789,0.065,0.017,0.113,0.636,0.333,0.2,1,0.413,0.413,0,0,0
1626257,Salah Mejri,C,0.152,0.625,0.149,0.081,0.216,0.635,0.444,0,0,0.333,0.273,0,0,0
1626155,Sam Dekker,F,0.155,0.609,0.092,0.064,0.123,0.605,0.077,0.273,0.571,0.273,0.289,0,0,0
203159,Scott Machado,,0.128,1,0,0,0,0.75,0,0,0,0,1,0,nan,nan
1628400,Semi Ojeleye,F,0.135,0.615,0.067,0.038,0.093,0.717,0.333,0,0.4,0.318,0.319,0,0,0
201586,Serge Ibaka,C-F,0.225,0.763,0.144,0.078,0.204,0.726,0.466,0.491,0.492,0.424,0.264,0,0,0
203552,Seth Curry,G,0.162,0.846,0.041,0.019,0.062,0.545,0.458,0.5,0.478,0.397,0.444,0.8,0,0
203894,Shabazz Napier,G,0.232,0.833,0.047,0.017,0.079,0.528,0.25,0.438,0.389,0.367,0.323,0,0,0
1628983,Shai Gilgeous-Alexander,G,0.181,0.8,0.053,0.026,0.078,0.59,0.444,0.396,0.458,0.374,0.358,0,1,0
1629003,Shake Milton,G,0.146,0.714,0.062,0.031,0.096,0.545,0.25,0.6,0.333,0.409,0.25,0,0,0
1627885,Shaquille Harrison,G,0.159,0.667,0.076,0.022,0.132,0.535,0.326,0.238,0.091,0.27,0.294,0,0,0
2733,Shaun Livingston,G,0.117,0.784,0.058,0.043,0.071,0.605,0.571,0.434,0.476,0,0,0,0,0
202714,Shelvin Mack,G,0.177,0.69,0.042,0.014,0.069,0.559,0.367,0.31,0.286,0.245,0.4,0,0,0
1628414,Sindarius Thornwell,G,0.102,0.735,0.063,0.015,0.108,0.435,0.4,0,0,0.1,0.4,0,0,0
1627746,Skal Labissiere,F,0.152,0.529,0.12,0.051,0.185,0.609,0.4,0.333,0.5,0.75,0.4,0,0,0
203524,Solomon Hill,F,0.103,0.719,0.069,0.036,0.102,0.569,0.2,0.5,0,0.348,0.304,0,0,0
203915,Spencer Dinwiddie,G,0.241,0.806,0.041,0.013,0.069,0.593,0.38,0.489,0.348,0.311,0.361,0,1,0.143
1626169,Stanley Johnson,F,0.185,0.781,0.081,0.025,0.142,0.496,0.538,0.419,0.5,0.302,0.274,0.5,0,0
201939,Stephen Curry,G,0.291,0.916,0.075,0.02,0.122,0.621,0.439,0.442,0.431,0.504,0.422,0.383,0,0.083
1628425,Sterling Brown,G,0.148,0.69,0.08,0.026,0.13,0.582,0.467,0.5,0.5,0.507,0.234,0,0,0
203500,Steven Adams,C,0.159,0.5,0.131,0.129,0.133,0.641,0.475,0.522,0,0,0,0,0,0
1629004,Svi Mykhailiuk,G,0.155,0.6,0.038,0.019,0.055,0.435,0.143,0.333,0.25,0.333,0.321,0,0,0
204456,T.J. McConnell,G,0.147,0.784,0.057,0.018,0.094,0.661,0.5,0.455,0.554,0.433,0.25,0,0,0
203933,T.J. Warren,F,0.221,0.815,0.064,0.022,0.108,0.627,0.411,0.429,0.366,0.386,0.439,0,0,0
1628388,TJ Leaf,F,0.157,0.613,0.111,0.077,0.145,0.723,0.462,0.267,0,0.2,0.353,0,0,0
1628769,Tahjere McCall,,0.136,0,0.083,0,0.2,1,0,0,0,0,0,0,0,0
201959,Taj Gibson,F,0.165,0.757,0.128,0.095,0.161,0.658,0.356,0.406,0.531,0.359,0.167,0,0,0
1627752,Taurean Prince,F,0.188,0.819,0.06,0.013,0.11,0.615,0.395,0.364,0.405,0.424,0.371,0.5,0,0
1628390,Terrance Ferguson,G,0.104,0.725,0.034,0.015,0.055,0.691,0.25,0.3,0.125,0.373,0.35,0,0,0
203093,Terrence Jones,,0.313,0,0.25,0,0.571,0.5,0,0,0,0,0,nan,nan,0
203082,Terrence Ross,G-F,0.228,0.875,0.062,0.012,0.113,0.64,0.514,0.465,0.442,0.399,0.387,0,0,0.125
1626179,Terry Rozier,G,0.179,0.785,0.08,0.016,0.145,0.534,0.345,0.328,0.327,0.385,0.329,0.5,0,0
200757,Thabo Sefolosha,F,0.128,0.636,0.102,0.014,0.181,0.578,0.5,0.4,0.667,0.4,0.444,0,0,0
201152,Thaddeus Young,F,0.177,0.644,0.105,0.078,0.132,0.627,0.482,0.357,0.167,0.353,0.354,0,0,0
1629033,Theo Pinson,G-F,0.19,0.864,0.07,0.015,0.126,0.632,0,0,0,0.2,0.297,0,0,0
1628418,Thomas Bryant,C,0.169,0.781,0.145,0.072,0.219,0.779,0.475,0.409,0.467,0.258,0.36,0,0,0
1629118,Thomas Welsh,C,0.153,0.5,0.047,0,0.114,1,0,1,0.333,0.333,0.6,0,0,0
1627748,Thon Maker,F,0.146,0.667,0.095,0.039,0.149,0.6,0.286,0.333,0.143,0.375,0.27,0.5,0,0
204025,Tim Frazier,G,0.131,0.759,0.071,0.035,0.106,0.556,0.385,0.444,0.333,0.4,0.361,1,0,0
203501,Tim Hardaway Jr.,G,0.245,0.841,0.051,0.015,0.09,0.541,0.273,0.417,0.368,0.401,0.331,0.143,0.5,0
1627789,Timothe Luwawu-Cabarrot,G-F,0.155,0.756,0.067,0.015,0.125,0.534,0,0.286,0.231,0.394,0.235,0,0,0
202699,Tobias Harris,F,0.224,0.866,0.108,0.024,0.188,0.597,0.506,0.435,0.479,0.447,0.377,0,0,0
203107,Tomas Satoransky,G-F,0.139,0.819,0.063,0.036,0.09,0.626,0.543,0.25,0.297,0.45,0.367,0,0,0
1628396,Tony Bradley,C,0.198,0.5,0.192,0.196,0.188,0.571,0,0,0,0,0,0,0,0
2225,Tony Parker,G,0.244,0.734,0.04,0.013,0.067,0.548,0.426,0.63,0.375,0.381,0.258,0,0,0
203503,Tony Snell,G,0.125,0.881,0.055,0.021,0.086,0.642,0.294,0.214,0.333,0.419,0.377,0,0,0
1628470,Torrey Craig,F,0.12,0.7,0.084,0.057,0.112,0.628,0.421,0.5,0.111,0.331,0.309,0,0,0
1629027,Trae Young,G,0.274,0.829,0.057,0.024,0.091,0.532,0.449,0.464,0.349,0.289,0.318,0.359,0.4,0
1626203,Treveon Graham,F,0.122,0.818,0.067,0.028,0.107,0.5,0.294,0.444,0,0.241,0.348,0,0,0
1628979,Trevon Duval,G,0.231,0,0.125,0,0.2,1,0,0,0,1,0,0,nan,nan
2772,Trevor Ariza,F,0.164,0.793,0.079,0.021,0.139,0.549,0.16,0.214,0.474,0.387,0.295,0,0,0
203504,Trey Burke,G,0.24,0.831,0.041,0.023,0.059,0.563,0.382,0.36,0.415,0.411,0.364,0,0,0
1626168,Trey Lyles,F,0.227,0.698,0.103,0.036,0.172,0.65,0.358,0.341,0.563,0.306,0.215,1,0,0
202684,Tristan Thompson,C-F,0.173,0.642,0.184,0.137,0.237,0.592,0.478,0.4,0.143,0.5,0,0,0,0
1628972,Troy Brown Jr.,F,0.157,0.681,0.095,0.045,0.149,0.625,0.265,0.158,0.409,0.4,0.279,0,0,0
1628505,Troy Caupain,G,0.216,0,0.111,0.071,0.154,0,0,0.5,0,0.5,1,nan,0,nan
203584,Troy Daniels,G,0.169,0.783,0.047,0.016,0.079,0.407,0.636,0.571,0.423,0.462,0.349,0,0,0
1627786,Troy Williams,F,0.142,0.6,0.086,0.034,0.144,0.634,0.375,0,0.333,0.353,0.286,0,0,0
1628463,Tyler Cavanaugh,F,0.115,1,0.094,0.065,0.128,0.5,0,0,0,0.25,0,0,0,0
1629093,Tyler Davis,,0.333,0,0.333,0.5,0,0,nan,0,nan,nan,nan,nan,nan,nan
1628416,Tyler Dorsey,G,0.18,0.623,0.076,0.036,0.118,0.538,0.438,0.222,0.368,0.333,0.356,0,0,0
204020,Tyler Johnson,G,0.179,0.748,0.053,0.021,0.087,0.606,0.417,0.383,0.294,0.284,0.36,0,1,0
1628399,Tyler Lydon,F,0.097,0.333,0.092,0.062,0.133,0.625,0,0,0,0.4,0.4,0,0,0
1627755,Tyler Ulis,,0,0,0,0,0,nan,nan,0,0,nan,nan,nan,nan,nan
203092,Tyler Zeller,C,0.19,0.778,0.114,0.105,0.123,0.611,0.4,1,0,0,0,0,0,0
201936,Tyreke Evans,G,0.253,0.719,0.069,0.023,0.114,0.448,0.282,0.444,0.3,0.31,0.37,0.25,0,0
1627820,Tyrone Wallace,G,0.172,0.526,0.072,0.03,0.111,0.435,0.455,0.481,0.286,0.417,0,0,0,0
2199,Tyson Chandler,C,0.083,0.586,0.154,0.094,0.213,0.652,0.2,0,0,0,0,0,0,0
1626145,Tyus Jones,G,0.138,0.841,0.041,0.014,0.069,0.526,0.474,0.382,0.25,0.4,0.302,0,0,0
2617,Udonis Haslem,F,0.195,0.75,0.136,0.031,0.24,0.714,0,0.6,0.6,0,0,0,nan,0
203506,Victor Oladipo,G,0.276,0.73,0.087,0.018,0.154,0.549,0.185,0.526,0.419,0.388,0.353,0,0,0
1713,Vince Carter,F-G,0.162,0.712,0.066,0.021,0.114,0.568,0.286,0.464,0.417,0.454,0.358,0.333,0,0
1629053,Vincent Edwards,F,0.111,0,0.059,0.059,0.059,0,0,0,0,0.333,0,0,nan,0
1627735,Wade Baldwin IV,,0.226,0.727,0.068,0.018,0.123,0.385,0,0.333,0.4,0.333,0.167,0,0,0
1627215,Walter Lemon Jr.,G,0.252,0.727,0.076,0.021,0.136,0.473,0.333,0.6,0.333,0,0.667,0,0,0
201961,Wayne Ellington,G,0.166,0.796,0.039,0.01,0.073,0.615,0.583,0.333,0.5,0.375,0.357,1,0,0
1627782,Wayne Selden,G-F,0.176,0.728,0.06,0.024,0.098,0.518,0.373,0.346,0.523,0.378,0.28,0,0,0
1628976,Wendell Carter Jr.,C,0.19,0.795,0.136,0.075,0.198,0.659,0.361,0.304,0.467,0.192,0.231,0,0,0
1628411,Wes Iwundu,F,0.123,0.816,0.068,0.027,0.108,0.527,0.211,0.409,0.214,0.364,0.41,0,0,0
202325,Wesley Johnson,F-G,0.114,0.684,0.062,0.02,0.104,0.714,0.333,0.143,0.263,0.297,0.429,0,0,0
202083,Wesley Matthews,G-F,0.173,0.81,0.039,0.015,0.063,0.584,0.314,0.37,0.355,0.413,0.35,0.6,0,0
203115,Will Barton,G,0.194,0.77,0.081,0.026,0.137,0.531,0.364,0.405,0.303,0.409,0.303,0,0,0
1626161,Willie Cauley-Stein,C,0.172,0.551,0.142,0.074,0.213,0.635,0.287,0.382,0.338,0,1,0,0,0
1626195,Willy Hernangomez,C,0.203,0.694,0.182,0.13,0.24,0.584,0.404,0.625,0.2,0.182,0.448,0,0,0
201163,Wilson Chandler,F,0.115,0.72,0.089,0.041,0.132,0.583,0.316,0.357,0.389,0.385,0.38,0,0,0
1628999,Yante Maten,F,0.133,0,0.086,0.071,0.095,0,0,1,0,0,0,0,nan,0
1627812,Yogi Ferrell,G,0.158,0.896,0.048,0.011,0.085,0.541,0.455,0.442,0.476,0.378,0.36,0,0,0
1629139,Yuta Watanabe,G,0.148,0.7,0.086,0.022,0.152,0.583,0.429,0.2,0.167,0.125,0.125,0,0,0
1628380,Zach Collins,F-C,0.164,0.746,0.112,0.078,0.144,0.612,0.577,0.231,0.111,0.315,0.319,1,0,0
203897,Zach LaVine,G,0.296,0.832,0.066,0.018,0.113,0.601,0.267,0.3,0.34,0.406,0.381,0.143,0,0
1629155,Zach Lofton,,0.25,0,0,0,0,0,0,0,0,0,0,0,nan,0
2585,Zaza Pachulia,C,0.146,0.782,0.141,0.101,0.184,0.525,0.15,0.583,0.333,0,0,0,0,0
1629015,Zhaire Smith,G,0.164,0.75,0.058,0.028,0.087,0.5,1,0,0.333,0.2,0.455,0,0,0
1627753,Zhou Qi,,0.333,0,0,0,0,1,0,nan,nan,nan,nan,0,nan,nan
